<?xml version="1.0"?>
<data grt_format="2.0">
  <value _ptr_="0x600003282a60" type="list" content-type="object" content-struct-name="db.mgmt.Connection">
    <value type="object" struct-name="db.mgmt.Connection" id="2A13FCE8-2072-475D-8ACF-48792059EE8B" struct-checksum="0x96ba47d8">
      <link type="object" struct-name="db.mgmt.Driver" key="driver">com.mysql.rdbms.mysql.driver.native</link>
      <value type="string" key="hostIdentifier">Mysql@localhost:3306</value>
      <value type="int" key="isDefault">1</value>
      <value _ptr_="0x60000328df80" type="dict" key="modules"/>
      <value _ptr_="0x60000328ec40" type="dict" key="parameterValues">
        <value type="string" key=""></value>
        <value type="string" key="DbSqlEditor:LastDefaultSchema">my_herd_app</value>
        <value type="string" key="SQL_MODE"></value>
        <value type="string" key="hostName">localhost</value>
        <value type="int" key="lastConnected">1744954577</value>
        <value type="string" key="password"></value>
        <value type="int" key="port">3306</value>
        <value type="string" key="serverVersion">8.0.40</value>
        <value type="string" key="sslCA"></value>
        <value type="string" key="sslCert"></value>
        <value type="string" key="sslCipher"></value>
        <value type="string" key="sslKey"></value>
        <value type="int" key="useSSL">1</value>
        <value type="string" key="userName">root</value>
      </value>
      <value type="string" key="name">my-herd-</value>
      <link type="object" struct-name="GrtObject" key="owner">D1E20C2F-FAA8-4FFA-B323-9CAC26C626F2</link>
    </value>
    <value type="object" struct-name="db.mgmt.Connection" id="B2C4B54D-CD08-4E58-9278-D23CC3637BD7" struct-checksum="0x96ba47d8">
      <link type="object" struct-name="db.mgmt.Driver" key="driver">com.mysql.rdbms.mysql.driver.native</link>
      <value type="string" key="hostIdentifier">Mysql@127.0.0.1:3306</value>
      <value type="int" key="isDefault">0</value>
      <value _ptr_="0x6000032967c0" type="dict" key="modules"/>
      <value _ptr_="0x600003296280" type="dict" key="parameterValues">
        <value type="string" key="DbSqlEditor:LastDefaultSchema">profisa</value>
        <value type="string" key="SQL_MODE"></value>
        <value type="string" key="hostName">127.0.0.1</value>
        <value type="int" key="lastConnected">1737647671</value>
        <value type="string" key="password"></value>
        <value type="int" key="port">3306</value>
        <value type="string" key="schema"></value>
        <value type="string" key="serverVersion">8.0.40</value>
        <value type="string" key="sslCA"></value>
        <value type="string" key="sslCert"></value>
        <value type="string" key="sslCipher"></value>
        <value type="string" key="sslKey"></value>
        <value type="int" key="useSSL">1</value>
        <value type="string" key="userName">root</value>
      </value>
      <value type="string" key="name">Profisa</value>
      <link type="object" struct-name="GrtObject" key="owner">D1E20C2F-FAA8-4FFA-B323-9CAC26C626F2</link>
    </value>
    <value type="object" struct-name="db.mgmt.Connection" id="30F146C5-CC52-44E3-8EF1-F66AD8990718" struct-checksum="0x96ba47d8">
      <link type="object" struct-name="db.mgmt.Driver" key="driver">com.mysql.rdbms.mysql.driver.native</link>
      <value type="string" key="hostIdentifier">Mysql@127.0.0.1:3306</value>
      <value type="int" key="isDefault">0</value>
      <value _ptr_="0x600003296e20" type="dict" key="modules"/>
      <value _ptr_="0x600003296dc0" type="dict" key="parameterValues">
        <value type="string" key="SQL_MODE"></value>
        <value type="string" key="hostName">127.0.0.1</value>
        <value type="int" key="lastConnected">1737053169</value>
        <value type="string" key="password"></value>
        <value type="int" key="port">3306</value>
        <value type="string" key="schema"></value>
        <value type="string" key="serverVersion">8.0.40</value>
        <value type="string" key="sslCA"></value>
        <value type="string" key="sslCert"></value>
        <value type="string" key="sslCipher"></value>
        <value type="string" key="sslKey"></value>
        <value type="int" key="useSSL">1</value>
        <value type="string" key="userName">root</value>
      </value>
      <value type="string" key="name">Proj_laravel</value>
      <link type="object" struct-name="GrtObject" key="owner">D1E20C2F-FAA8-4FFA-B323-9CAC26C626F2</link>
    </value>
  </value>
</data>
