<?xml version="1.0"?>
<data grt_format="2.0">
  <value _ptr_="0x6000032828e0" type="list" content-type="object" content-struct-name="db.mgmt.ServerInstance">
    <value type="object" struct-name="db.mgmt.ServerInstance" id="E9BAF6C1-E648-487F-8EF5-26B6454F1716" struct-checksum="0x367436e2">
      <link type="object" struct-name="db.mgmt.Connection" key="connection">2A13FCE8-2072-475D-8ACF-48792059EE8B</link>
      <value _ptr_="0x60000328d800" type="dict" key="loginInfo"/>
      <value _ptr_="0x60000328daa0" type="dict" key="serverInfo">
        <value type="string" key="basedir">/opt/homebrew/Cellar/mysql@8.0/8.0.40_5/</value>
        <value type="string" key="datadir">/opt/homebrew/var/mysql/</value>
        <value type="string" key="detected_os_name">macOS</value>
        <value type="string" key="detected_os_type">darwin</value>
        <value type="string" key="detected_os_variant">macOS</value>
        <value type="string" key="detected_os_version">15.1</value>
        <value type="string" key="errorLogFilePath">Jeans-MBP.fritz.box.err</value>
        <value type="string" key="generalLogFilePath">/opt/homebrew/var/mysql/Jeans-MBP.log</value>
        <value type="string" key="serverVersion">8.0.40</value>
        <value type="int" key="setupPending">1</value>
        <value type="string" key="slowLogFilePath">/opt/homebrew/var/mysql/Jeans-MBP-slow.log</value>
        <value type="string" key="sys.config.path"></value>
        <value type="string" key="sys.config.section">mysqld</value>
        <value type="string" key="sys.preset">Custom</value>
        <value type="string" key="sys.system">macOS</value>
        <value type="int" key="sys.usesudo">0</value>
        <value type="int" key="sys.usesudostatus">0</value>
      </value>
      <value type="string" key="name">Local 3306</value>
    </value>
    <value type="object" struct-name="db.mgmt.ServerInstance" id="49A9E2EF-0277-436E-A1E1-D8056D3085AF" struct-checksum="0x367436e2">
      <link type="object" struct-name="db.mgmt.Connection" key="connection">B2C4B54D-CD08-4E58-9278-D23CC3637BD7</link>
      <value _ptr_="0x60000328dc20" type="dict" key="loginInfo">
        <value type="string" key="ssh.port">22</value>
        <value type="int" key="ssh.useKey">0</value>
      </value>
      <value _ptr_="0x60000328f660" type="dict" key="serverInfo">
        <value type="string" key="basedir">/opt/homebrew/Cellar/mysql@8.0/8.0.40_5/</value>
        <value type="string" key="datadir">/opt/homebrew/var/mysql/</value>
        <value type="string" key="errorLogFilePath">Jeans-MBP.fritz.box.err</value>
        <value type="string" key="generalLogFilePath">/opt/homebrew/var/mysql/Jeans-MBP.log</value>
        <value type="int" key="remoteAdmin">0</value>
        <value type="string" key="serverVersion">8.0.40</value>
        <value type="string" key="slowLogFilePath">/opt/homebrew/var/mysql/Jeans-MBP-slow.log</value>
        <value type="string" key="sys.config.path">~/sandboxes/msb_|Enter version here|/my.sandbox.cnf</value>
        <value type="string" key="sys.config.section">mysqld</value>
        <value type="string" key="sys.mysqld.start">~/sandboxes/msb_|Enter version here|/start</value>
        <value type="string" key="sys.mysqld.stop">~/sandboxes/msb_|Enter version here|/stop</value>
        <value type="string" key="sys.preset">MySQL Sandbox MacOS(MySQL tar package)</value>
        <value type="string" key="sys.system">macOS</value>
        <value type="int" key="sys.usesudo">0</value>
        <value type="int" key="sys.usesudostatus">0</value>
        <value type="int" key="windowsAdmin">0</value>
      </value>
      <value type="string" key="name"> instance</value>
    </value>
    <value type="object" struct-name="db.mgmt.ServerInstance" id="473B7FE3-7A36-4F03-B1EE-DDDB7CF656B3" struct-checksum="0x367436e2">
      <link type="object" struct-name="db.mgmt.Connection" key="connection">B2C4B54D-CD08-4E58-9278-D23CC3637BD7</link>
      <value _ptr_="0x60000328f7e0" type="dict" key="loginInfo">
        <value type="string" key="ssh.hostName"></value>
        <value type="string" key="ssh.key">~/.ssh/ssh_private_key</value>
        <value type="string" key="ssh.localPort">3306</value>
        <value type="int" key="ssh.useKey">0</value>
        <value type="string" key="ssh.userName">mysql</value>
      </value>
      <value _ptr_="0x60000328db00" type="dict" key="serverInfo">
        <value type="int" key="setupPending">1</value>
      </value>
      <value type="string" key="name">Profisa</value>
    </value>
    <value type="object" struct-name="db.mgmt.ServerInstance" id="CEC4A4CE-4302-4D70-BC29-895C882611A2" struct-checksum="0x367436e2">
      <link type="object" struct-name="db.mgmt.Connection" key="connection">30F146C5-CC52-44E3-8EF1-F66AD8990718</link>
      <value _ptr_="0x60000328d980" type="dict" key="loginInfo">
        <value type="string" key="ssh.hostName"></value>
        <value type="string" key="ssh.key">~/.ssh/ssh_private_key</value>
        <value type="string" key="ssh.localPort">3306</value>
        <value type="int" key="ssh.useKey">0</value>
        <value type="string" key="ssh.userName">mysql</value>
      </value>
      <value _ptr_="0x60000328dd40" type="dict" key="serverInfo">
        <value type="int" key="setupPending">1</value>
      </value>
      <value type="string" key="name">Proj_laravel</value>
    </value>
  </value>
</data>
